month,year,city,max_temperature,min_temperature,,,,,,,,,,,,,,,,,,,
January,2014,Melbourne,27.3,16.5,,,,,,,,,,,,,,,,,,,
January,2015,Melbourne,25.9,15.9,,,,,,,,,,,,,,,,,,,
January,2016,Melbourne,26,16.7,,,,,,,,,,,,,,,,,,,
January,2017,Melbourne,26.5,16.4,,,,,,,,,,,,,,,,,,,
January,2018,Melbourne,27.2,17.3,,,,,,,,,,,,,,,,,,,
January,2019,Melbourne,28.4,17.5,,,,,,,,,,,,,,,,,,,
January,2020,Melbourne,26.9,15.1,,,,,,,,,,,,,,,,,,,
January,2021,Melbourne,25.2,15.4,,,,,,,,,,,,,,,,,,,
January,2022,Melbourne,29.1,18.3,,,,,,,,,,,,,,,,,,,
February,2014,Melbourne,27.1,16.3,,,,,,,,,,,,,,,,,,,
February,2015,Melbourne,26.4,16.7,,,,,,,,,,,,,,,,,,,
February,2016,Melbourne,25.1,16.5,,,,,,,,,,,,,,,,,,,
February,2017,Melbourne,25.9,14.8,,,,,,,,,,,,,,,,,,,
February,2018,Melbourne,27,16.6,,,,,,,,,,,,,,,,,,,
February,2019,Melbourne,26,15.8,,,,,,,,,,,,,,,,,,,
February,2020,Melbourne,24.4,15.9,,,,,,,,,,,,,,,,,,,
February,2021,Melbourne,24.5,14.9,,,,,,,,,,,,,,,,,,,
February,2022,Melbourne,25.1,15.9,,,,,,,,,,,,,,,,,,,
March,2014,Melbourne,24.4,14.8,,,,,,,,,,,,,,,,,,,
March,2015,Melbourne,22.7,13.1,,,,,,,,,,,,,,,,,,,
March,2016,Melbourne,24.9,15.8,,,,,,,,,,,,,,,,,,,
March,2017,Melbourne,26.9,16.4,,,,,,,,,,,,,,,,,,,
March,2018,Melbourne,24.9,14.6,,,,,,,,,,,,,,,,,,,
March,2019,Melbourne,24.8,15.2,,,,,,,,,,,,,,,,,,,
March,2020,Melbourne,22.9,13.9,,,,,,,,,,,,,,,,,,,
March,2021,Melbourne,22,13.6,,,,,,,,,,,,,,,,,,,
March,2022,Melbourne,24.3,15.7,,,,,,,,,,,,,,,,,,,
April,2014,Melbourne,20.6,12.9,,,,,,,,,,,,,,,,,,,
April,2015,Melbourne,19.2,10.6,,,,,,,,,,,,,,,,,,,
April,2016,Melbourne,22.4,13,,,,,,,,,,,,,,,,,,,
April,2017,Melbourne,20.8,12.3,,,,,,,,,,,,,,,,,,,
April,2018,Melbourne,21.8,12.3,,,,,,,,,,,,,,,,,,,
April,2019,Melbourne,22,12,,,,,,,,,,,,,,,,,,,
April,2020,Melbourne,19.3,11.6,,,,,,,,,,,,,,,,,,,
April,2021,Melbourne,20.2,11.9,,,,,,,,,,,,,,,,,,,
April,2022,Melbourne,21.1,12.9,,,,,,,,,,,,,,,,,,,
May,2014,Melbourne,19,11,,,,,,,,,,,,,,,,,,,
May,2015,Melbourne,17.1,9.8,,,,,,,,,,,,,,,,,,,
May,2016,Melbourne,18.6,11.4,,,,,,,,,,,,,,,,,,,
May,2017,Melbourne,17.2,9.2,,,,,,,,,,,,,,,,,,,
May,2018,Melbourne,17.6,10.5,,,,,,,,,,,,,,,,,,,
May,2019,Melbourne,17.8,10.6,,,,,,,,,,,,,,,,,,,
May,2020,Melbourne,16.4,8.7,,,,,,,,,,,,,,,,,,,
May,2021,Melbourne,17.8,8.9,,,,,,,,,,,,,,,,,,,
May,2022,Melbourne,16.8,9.4,,,,,,,,,,,,,,,,,,,
June,2014,Melbourne,15.4,9.6,,,,,,,,,,,,,,,,,,,
June,2015,Melbourne,14.4,7.7,,,,,,,,,,,,,,,,,,,
June,2016,Melbourne,14.2,8,,,,,,,,,,,,,,,,,,,
June,2017,Melbourne,14.9,6.8,,,,,,,,,,,,,,,,,,,
June,2018,Melbourne,14.3,6.8,,,,,,,,,,,,,,,,,,,
June,2019,Melbourne,15.5,8.3,,,,,,,,,,,,,,,,,,,
June,2020,Melbourne,14.9,7.2,,,,,,,,,,,,,,,,,,,
June,2021,Melbourne,15.3,7.7,,,,,,,,,,,,,,,,,,,
June,2022,Melbourne,14.1,8.2,,,,,,,,,,,,,,,,,,,
July,2014,Melbourne,14.5,8.4,,,,,,,,,,,,,,,,,,,
July,2015,Melbourne,13.3,6.8,,,,,,,,,,,,,,,,,,,
July,2016,Melbourne,14.6,8.2,,,,,,,,,,,,,,,,,,,
July,2017,Melbourne,14.5,6.6,,,,,,,,,,,,,,,,,,,
July,2018,Melbourne,14.8,7.8,,,,,,,,,,,,,,,,,,,
July,2019,Melbourne,15,8.2,,,,,,,,,,,,,,,,,,,
July,2020,Melbourne,14,7.1,,,,,,,,,,,,,,,,,,,
July,2021,Melbourne,14.3,7.6,,,,,,,,,,,,,,,,,,,
July,2022,Melbourne,14,6.2,,,,,,,,,,,,,,,,,,,
August,2014,Melbourne,15.4,7.6,,,,,,,,,,,,,,,,,,,
August,2015,Melbourne,13.8,7.9,,,,,,,,,,,,,,,,,,,
August,2016,Melbourne,15.9,8.4,,,,,,,,,,,,,,,,,,,
August,2017,Melbourne,14.8,7.4,,,,,,,,,,,,,,,,,,,
August,2018,Melbourne,15.1,7.2,,,,,,,,,,,,,,,,,,,
August,2019,Melbourne,14.5,7.4,,,,,,,,,,,,,,,,,,,
August,2020,Melbourne,15.1,7.6,,,,,,,,,,,,,,,,,,,
August,2021,Melbourne,16.4,8.5,,,,,,,,,,,,,,,,,,,
August,2022,Melbourne,15.6,8.3,,,,,,,,,,,,,,,,,,,
September,2014,Melbourne,18.5,9.8,,,,,,,,,,,,,,,,,,,
September,2015,Melbourne,17.3,9.1,,,,,,,,,,,,,,,,,,,
September,2016,Melbourne,16.7,10.1,,,,,,,,,,,,,,,,,,,
September,2017,Melbourne,17.8,9,,,,,,,,,,,,,,,,,,,
September,2018,Melbourne,17.2,8.1,,,,,,,,,,,,,,,,,,,
September,2019,Melbourne,17.8,9.1,,,,,,,,,,,,,,,,,,,
September,2020,Melbourne,18.1,9.8,,,,,,,,,,,,,,,,,,,
September,2021,Melbourne,18.2,9.6,,,,,,,,,,,,,,,,,,,
September,2022,Melbourne,16.6,9.1,,,,,,,,,,,,,,,,,,,
October,2014,Melbourne,21.7,11,,,,,,,,,,,,,,,,,,,
October,2015,Melbourne,24.3,12.3,,,,,,,,,,,,,,,,,,,
October,2016,Melbourne,19.3,10,,,,,,,,,,,,,,,,,,,
October,2017,Melbourne,20.7,11.1,,,,,,,,,,,,,,,,,,,
October,2018,Melbourne,21.4,11.2,,,,,,,,,,,,,,,,,,,
October,2019,Melbourne,21.3,10.7,,,,,,,,,,,,,,,,,,,
October,2020,Melbourne,19.1,10.9,,,,,,,,,,,,,,,,,,,
October,2021,Melbourne,19.4,10.2,,,,,,,,,,,,,,,,,,,
October,2022,Melbourne,19.2,10.7,,,,,,,,,,,,,,,,,,,
November,2014,Melbourne,22.7,12.7,,,,,,,,,,,,,,,,,,,
November,2015,Melbourne,22.7,13,,,,,,,,,,,,,,,,,,,
November,2016,Melbourne,20.8,11.7,,,,,,,,,,,,,,,,,,,
November,2017,Melbourne,25.9,14.9,,,,,,,,,,,,,,,,,,,
November,2018,Melbourne,22,12.5,,,,,,,,,,,,,,,,,,,
November,2019,Melbourne,21.8,11.2,,,,,,,,,,,,,,,,,,,
November,2020,Melbourne,24.5,14,,,,,,,,,,,,,,,,,,,
November,2021,Melbourne,20.6,11.8,,,,,,,,,,,,,,,,,,,
November,2022,Melbourne,20.2,11.7,,,,,,,,,,,,,,,,,,,
December,2014,Melbourne,23.9,14.8,,,,,,,,,,,,,,,,,,,
December,2015,Melbourne,27.5,15.1,,,,,,,,,,,,,,,,,,,
December,2016,Melbourne,25.5,14.6,,,,,,,,,,,,,,,,,,,
December,2017,Melbourne,25,15.2,,,,,,,,,,,,,,,,,,,
December,2018,Melbourne,25.7,16,,,,,,,,,,,,,,,,,,,
December,2019,Melbourne,24.6,14,,,,,,,,,,,,,,,,,,,
December,2020,Melbourne,22.9,13.1,,,,,,,,,,,,,,,,,,,
December,2021,Melbourne,24.3,13.9,,,,,,,,,,,,,,,,,,,
December,2022,Melbourne,23.9,13.3,,,,,,,,,,,,,,,,,,,
January,2014,Sydney,27.9,19.8,,,,,,,,,,,,,,,,,,,
January,2015,Sydney,28.3,20.5,,,,,,,,,,,,,,,,,,,
January,2016,Sydney,27.9,19.6,,,,,,,,,,,,,,,,,,,
January,2017,Sydney,30.1,21.2,,,,,,,,,,,,,,,,,,,
January,2018,Sydney,29.2,20.1,,,,,,,,,,,,,,,,,,,
January,2019,Sydney,30.6,21.4,,,,,,,,,,,,,,,,,,,
January,2020,Sydney,29,20.4,,,,,,,,,,,,,,,,,,,
January,2021,Sydney,27.6,19.3,,,,,,,,,,,,,,,,,,,
January,2022,Sydney,27.5,20.6,,,,,,,,,,,,,,,,,,,
February,2014,Sydney,26.8,20,,,,,,,,,,,,,,,,,,,
February,2015,Sydney,27.4,20.6,,,,,,,,,,,,,,,,,,,
February,2016,Sydney,28.4,20.8,,,,,,,,,,,,,,,,,,,
February,2017,Sydney,29,20.5,,,,,,,,,,,,,,,,,,,
February,2018,Sydney,27.8,19.7,,,,,,,,,,,,,,,,,,,
February,2019,Sydney,28,19.4,,,,,,,,,,,,,,,,,,,
February,2020,Sydney,27.5,20,,,,,,,,,,,,,,,,,,,
February,2021,Sydney,25.9,19.4,,,,,,,,,,,,,,,,,,,
February,2022,Sydney,26.8,19.3,,,,,,,,,,,,,,,,,,,
March,2014,Sydney,26.8,19.1,,,,,,,,,,,,,,,,,,,
March,2015,Sydney,26.8,18.4,,,,,,,,,,,,,,,,,,,
March,2016,Sydney,27,19.7,,,,,,,,,,,,,,,,,,,
March,2017,Sydney,25.9,19.8,,,,,,,,,,,,,,,,,,,
March,2018,Sydney,27.3,19.2,,,,,,,,,,,,,,,,,,,
March,2019,Sydney,27.4,19.1,,,,,,,,,,,,,,,,,,,
March,2020,Sydney,25.5,17.7,,,,,,,,,,,,,,,,,,,
March,2021,Sydney,24.9,17.9,,,,,,,,,,,,,,,,,,,
March,2022,Sydney,24.4,18.4,,,,,,,,,,,,,,,,,,,
April,2014,Sydney,23.6,16,,,,,,,,,,,,,,,,,,,
April,2015,Sydney,22.6,15.3,,,,,,,,,,,,,,,,,,,
April,2016,Sydney,24.8,16.8,,,,,,,,,,,,,,,,,,,
April,2017,Sydney,23.5,14.7,,,,,,,,,,,,,,,,,,,
April,2018,Sydney,26.2,18,,,,,,,,,,,,,,,,,,,
April,2019,Sydney,24.8,15.8,,,,,,,,,,,,,,,,,,,
April,2020,Sydney,24.8,15.4,,,,,,,,,,,,,,,,,,,
April,2021,Sydney,23.8,14.2,,,,,,,,,,,,,,,,,,,
April,2022,Sydney,23.5,15.7,,,,,,,,,,,,,,,,,,,
May,2014,Sydney,22.6,13,,,,,,,,,,,,,,,,,,,
May,2015,Sydney,20.7,12.6,,,,,,,,,,,,,,,,,,,
May,2016,Sydney,23.4,12.8,,,,,,,,,,,,,,,,,,,
May,2017,Sydney,21.1,12.4,,,,,,,,,,,,,,,,,,,
May,2018,Sydney,21.8,11.8,,,,,,,,,,,,,,,,,,,
May,2019,Sydney,22.6,12.6,,,,,,,,,,,,,,,,,,,
May,2020,Sydney,20,11.5,,,,,,,,,,,,,,,,,,,
May,2021,Sydney,20.6,12.3,,,,,,,,,,,,,,,,,,,
May,2022,Sydney,21,12.7,,,,,,,,,,,,,,,,,,,
June,2014,Sydney,19.4,10.9,,,,,,,,,,,,,,,,,,,
June,2015,Sydney,18.4,10.1,,,,,,,,,,,,,,,,,,,
June,2016,Sydney,19.2,10.9,,,,,,,,,,,,,,,,,,,
June,2017,Sydney,18.1,10.1,,,,,,,,,,,,,,,,,,,
June,2018,Sydney,17.8,9.6,,,,,,,,,,,,,,,,,,,
June,2019,Sydney,18.2,9.9,,,,,,,,,,,,,,,,,,,
June,2020,Sydney,18.5,9.8,,,,,,,,,,,,,,,,,,,
June,2021,Sydney,18.1,9.5,,,,,,,,,,,,,,,,,,,
June,2022,Sydney,17.8,8.6,,,,,,,,,,,,,,,,,,,
July,2014,Sydney,18.8,8.8,,,,,,,,,,,,,,,,,,,
July,2015,Sydney,17.2,7.9,,,,,,,,,,,,,,,,,,,
July,2016,Sydney,19,9.8,,,,,,,,,,,,,,,,,,,
July,2017,Sydney,19.4,8.1,,,,,,,,,,,,,,,,,,,
July,2018,Sydney,20.4,8.3,,,,,,,,,,,,,,,,,,,
July,2019,Sydney,19.9,9.4,,,,,,,,,,,,,,,,,,,
July,2020,Sydney,17.7,9.8,,,,,,,,,,,,,,,,,,,
July,2021,Sydney,18.1,8.9,,,,,,,,,,,,,,,,,,,
July,2022,Sydney,17.1,9.6,,,,,,,,,,,,,,,,,,,
August,2014,Sydney,17.3,9.7,,,,,,,,,,,,,,,,,,,
August,2015,Sydney,19.5,9.4,,,,,,,,,,,,,,,,,,,
August,2016,Sydney,19.2,9.8,,,,,,,,,,,,,,,,,,,
August,2017,Sydney,19.4,9.2,,,,,,,,,,,,,,,,,,,
August,2018,Sydney,19.3,8.9,,,,,,,,,,,,,,,,,,,
August,2019,Sydney,19.3,9.2,,,,,,,,,,,,,,,,,,,
August,2020,Sydney,19.4,9.4,,,,,,,,,,,,,,,,,,,
August,2021,Sydney,20.4,9.7,,,,,,,,,,,,,,,,,,,
August,2022,Sydney,19.6,10.3,,,,,,,,,,,,,,,,,,,
September,2014,Sydney,21.5,12.3,,,,,,,,,,,,,,,,,,,
September,2015,Sydney,20.3,11.9,,,,,,,,,,,,,,,,,,,
September,2016,Sydney,21.5,13,,,,,,,,,,,,,,,,,,,
September,2017,Sydney,24.1,12,,,,,,,,,,,,,,,,,,,
September,2018,Sydney,21.1,11,,,,,,,,,,,,,,,,,,,
September,2019,Sydney,22.2,12.1,,,,,,,,,,,,,,,,,,,
September,2020,Sydney,23,12.9,,,,,,,,,,,,,,,,,,,
September,2021,Sydney,22.3,11.6,,,,,,,,,,,,,,,,,,,
September,2022,Sydney,20.1,12.2,,,,,,,,,,,,,,,,,,,
October,2014,Sydney,25,15,,,,,,,,,,,,,,,,,,,
October,2015,Sydney,26,16.8,,,,,,,,,,,,,,,,,,,
October,2016,Sydney,24,14,,,,,,,,,,,,,,,,,,,
October,2017,Sydney,24.7,15.6,,,,,,,,,,,,,,,,,,,
October,2018,Sydney,22.3,14.9,,,,,,,,,,,,,,,,,,,
October,2019,Sydney,25.2,14.7,,,,,,,,,,,,,,,,,,,
October,2020,Sydney,24.3,15.3,,,,,,,,,,,,,,,,,,,
October,2021,Sydney,23.9,14.1,,,,,,,,,,,,,,,,,,,
October,2022,Sydney,22.7,14.9,,,,,,,,,,,,,,,,,,,
November,2014,Sydney,26.3,17.9,,,,,,,,,,,,,,,,,,,
November,2015,Sydney,26.8,17.6,,,,,,,,,,,,,,,,,,,
November,2016,Sydney,26.4,17.1,,,,,,,,,,,,,,,,,,,
November,2017,Sydney,24.7,16.7,,,,,,,,,,,,,,,,,,,
November,2018,Sydney,25.3,16.8,,,,,,,,,,,,,,,,,,,
November,2019,Sydney,27.2,16.6,,,,,,,,,,,,,,,,,,,
November,2020,Sydney,26.7,17,,,,,,,,,,,,,,,,,,,
November,2021,Sydney,22.6,15.8,,,,,,,,,,,,,,,,,,,
November,2022,Sydney,23.9,15.1,,,,,,,,,,,,,,,,,,,
December,2014,Sydney,27.3,19.2,,,,,,,,,,,,,,,,,,,
December,2015,Sydney,27,18.4,,,,,,,,,,,,,,,,,,,
December,2016,Sydney,28.8,19.8,,,,,,,,,,,,,,,,,,,
December,2017,Sydney,29.3,19.6,,,,,,,,,,,,,,,,,,,
December,2018,Sydney,28.4,19.2,,,,,,,,,,,,,,,,,,,
December,2019,Sydney,28.5,18.7,,,,,,,,,,,,,,,,,,,
December,2020,Sydney,26.2,18.4,,,,,,,,,,,,,,,,,,,
December,2021,Sydney,25.6,18,,,,,,,,,,,,,,,,,,,
December,2022,Sydney,24.9,16.5,,,,,,,,,,,,,,,,,,,
January,2014,Brisbane,30.7,21.5,,,,,,,,,,,,,,,,,,,
January,2015,Brisbane,30.5,22.5,,,,,,,,,,,,,,,,,,,
January,2016,Brisbane,30.4,20.9,,,,,,,,,,,,,,,,,,,
January,2017,Brisbane,31.4,23,,,,,,,,,,,,,,,,,,,
January,2018,Brisbane,31.8,21.6,,,,,,,,,,,,,,,,,,,
January,2019,Brisbane,31.9,22.7,,,,,,,,,,,,,,,,,,,
January,2020,Brisbane,30.9,23.1,,,,,,,,,,,,,,,,,,,
January,2021,Brisbane,29.9,21.3,,,,,,,,,,,,,,,,,,,
January,2022,Brisbane,29.7,21.7,,,,,,,,,,,,,,,,,,,
February,2014,Brisbane,30.2,21.2,,,,,,,,,,,,,,,,,,,
February,2015,Brisbane,29.3,20.9,,,,,,,,,,,,,,,,,,,
February,2016,Brisbane,32,22,,,,,,,,,,,,,,,,,,,
February,2017,Brisbane,32.5,22.7,,,,,,,,,,,,,,,,,,,
February,2018,Brisbane,29.7,21.2,,,,,,,,,,,,,,,,,,,
February,2019,Brisbane,31.6,22,,,,,,,,,,,,,,,,,,,
February,2020,Brisbane,29.9,22.3,,,,,,,,,,,,,,,,,,,
February,2021,Brisbane,30,21.5,,,,,,,,,,,,,,,,,,,
February,2022,Brisbane,29.1,20.5,,,,,,,,,,,,,,,,,,,
March,2014,Brisbane,29.2,20.1,,,,,,,,,,,,,,,,,,,
March,2015,Brisbane,30.2,21.3,,,,,,,,,,,,,,,,,,,
March,2016,Brisbane,29.9,20.7,,,,,,,,,,,,,,,,,,,
March,2017,Brisbane,30.6,22,,,,,,,,,,,,,,,,,,,
March,2018,Brisbane,28.7,20.8,,,,,,,,,,,,,,,,,,,
March,2019,Brisbane,31.2,21.5,,,,,,,,,,,,,,,,,,,
March,2020,Brisbane,28.7,20.1,,,,,,,,,,,,,,,,,,,
March,2021,Brisbane,28.5,20.6,,,,,,,,,,,,,,,,,,,
March,2022,Brisbane,29.2,20.2,,,,,,,,,,,,,,,,,,,
April,2014,Brisbane,28.2,17.9,,,,,,,,,,,,,,,,,,,
April,2015,Brisbane,26.1,17,,,,,,,,,,,,,,,,,,,
April,2016,Brisbane,28.8,18.5,,,,,,,,,,,,,,,,,,,
April,2017,Brisbane,26.2,16.5,,,,,,,,,,,,,,,,,,,
April,2018,Brisbane,27.8,18,,,,,,,,,,,,,,,,,,,
April,2019,Brisbane,26.9,17.9,,,,,,,,,,,,,,,,,,,
April,2020,Brisbane,28.7,17.9,,,,,,,,,,,,,,,,,,,
April,2021,Brisbane,26.3,16.4,,,,,,,,,,,,,,,,,,,
April,2022,Brisbane,27,18,,,,,,,,,,,,,,,,,,,
May,2014,Brisbane,25.1,15.1,,,,,,,,,,,,,,,,,,,
May,2015,Brisbane,24.5,13.9,,,,,,,,,,,,,,,,,,,
May,2016,Brisbane,27,15,,,,,,,,,,,,,,,,,,,
May,2017,Brisbane,24.7,15.1,,,,,,,,,,,,,,,,,,,
May,2018,Brisbane,24.8,13.9,,,,,,,,,,,,,,,,,,,
May,2019,Brisbane,24.9,14.3,,,,,,,,,,,,,,,,,,,
May,2020,Brisbane,24,13.8,,,,,,,,,,,,,,,,,,,
May,2021,Brisbane,23.9,13.9,,,,,,,,,,,,,,,,,,,
May,2022,Brisbane,23.8,17,,,,,,,,,,,,,,,,,,,
June,2014,Brisbane,23.3,12.6,,,,,,,,,,,,,,,,,,,
June,2015,Brisbane,21.6,12.5,,,,,,,,,,,,,,,,,,,
June,2016,Brisbane,21.5,13.1,,,,,,,,,,,,,,,,,,,
June,2017,Brisbane,22.8,12.9,,,,,,,,,,,,,,,,,,,
June,2018,Brisbane,22.6,11.4,,,,,,,,,,,,,,,,,,,
June,2019,Brisbane,22.8,12.4,,,,,,,,,,,,,,,,,,,
June,2020,Brisbane,22.7,12.5,,,,,,,,,,,,,,,,,,,
June,2021,Brisbane,21.7,11.5,,,,,,,,,,,,,,,,,,,
June,2022,Brisbane,21.3,10.5,,,,,,,,,,,,,,,,,,,
July,2014,Brisbane,22.4,8.5,,,,,,,,,,,,,,,,,,,
July,2015,Brisbane,21.1,10.2,,,,,,,,,,,,,,,,,,,
July,2016,Brisbane,22.5,12.3,,,,,,,,,,,,,,,,,,,
July,2017,Brisbane,22.9,10.3,,,,,,,,,,,,,,,,,,,
July,2018,Brisbane,23.2,10.8,,,,,,,,,,,,,,,,,,,
July,2019,Brisbane,23.5,11.4,,,,,,,,,,,,,,,,,,,
July,2020,Brisbane,22.1,11.5,,,,,,,,,,,,,,,,,,,
July,2021,Brisbane,21.7,11.2,,,,,,,,,,,,,,,,,,,
July,2022,Brisbane,19.9,10.5,,,,,,,,,,,,,,,,,,,
August,2014,Brisbane,22.7,11.9,,,,,,,,,,,,,,,,,,,
August,2015,Brisbane,23.7,11.6,,,,,,,,,,,,,,,,,,,
August,2016,Brisbane,23,11.8,,,,,,,,,,,,,,,,,,,
August,2017,Brisbane,24.7,10.9,,,,,,,,,,,,,,,,,,,
August,2018,Brisbane,24.3,9.6,,,,,,,,,,,,,,,,,,,
August,2019,Brisbane,24.1,11.7,,,,,,,,,,,,,,,,,,,
August,2020,Brisbane,23.4,11.4,,,,,,,,,,,,,,,,,,,
August,2021,Brisbane,23.8,12,,,,,,,,,,,,,,,,,,,
August,2022,Brisbane,22.4,10.9,,,,,,,,,,,,,,,,,,,
September,2014,Brisbane,25.2,12.9,,,,,,,,,,,,,,,,,,,
September,2015,Brisbane,24.7,12.8,,,,,,,,,,,,,,,,,,,
September,2016,Brisbane,24.9,15.2,,,,,,,,,,,,,,,,,,,
September,2017,Brisbane,27.3,14.2,,,,,,,,,,,,,,,,,,,
September,2018,Brisbane,24.9,13.9,,,,,,,,,,,,,,,,,,,
September,2019,Brisbane,27.4,14.1,,,,,,,,,,,,,,,,,,,
September,2020,Brisbane,25.9,14.9,,,,,,,,,,,,,,,,,,,
September,2021,Brisbane,25.2,13.7,,,,,,,,,,,,,,,,,,,
September,2022,Brisbane,24.3,14.1,,,,,,,,,,,,,,,,,,,
October,2014,Brisbane,27.8,16.6,,,,,,,,,,,,,,,,,,,
October,2015,Brisbane,27.1,16.3,,,,,,,,,,,,,,,,,,,
October,2016,Brisbane,27.1,15.1,,,,,,,,,,,,,,,,,,,
October,2017,Brisbane,27,18.9,,,,,,,,,,,,,,,,,,,
October,2018,Brisbane,26.1,16.7,,,,,,,,,,,,,,,,,,,
October,2019,Brisbane,26.8,16.5,,,,,,,,,,,,,,,,,,,
October,2020,Brisbane,27.8,17,,,,,,,,,,,,,,,,,,,
October,2021,Brisbane,28.3,17.3,,,,,,,,,,,,,,,,,,,
October,2022,Brisbane,25.8,16.7,,,,,,,,,,,,,,,,,,,
November,2014,Brisbane,29.6,20.7,,,,,,,,,,,,,,,,,,,
November,2015,Brisbane,29.2,19.8,,,,,,,,,,,,,,,,,,,
November,2016,Brisbane,30.2,19.4,,,,,,,,,,,,,,,,,,,
November,2017,Brisbane,27,17.7,,,,,,,,,,,,,,,,,,,
November,2018,Brisbane,29.8,18.9,,,,,,,,,,,,,,,,,,,
November,2019,Brisbane,30.6,19.6,,,,,,,,,,,,,,,,,,,
November,2020,Brisbane,28.9,19,,,,,,,,,,,,,,,,,,,
November,2021,Brisbane,27.3,19.1,,,,,,,,,,,,,,,,,,,
November,2022,Brisbane,28,17.4,,,,,,,,,,,,,,,,,,,
December,2014,Brisbane,29.9,21.2,,,,,,,,,,,,,,,,,,,
December,2015,Brisbane,29.2,20,,,,,,,,,,,,,,,,,,,
December,2016,Brisbane,30.1,21.2,,,,,,,,,,,,,,,,,,,
December,2017,Brisbane,30.7,20.8,,,,,,,,,,,,,,,,,,,
December,2018,Brisbane,30.1,20.8,,,,,,,,,,,,,,,,,,,
December,2019,Brisbane,31.9,21.2,,,,,,,,,,,,,,,,,,,
December,2020,Brisbane,29.9,22.2,,,,,,,,,,,,,,,,,,,
December,2021,Brisbane,29.5,20.3,,,,,,,,,,,,,,,,,,,
December,2022,Brisbane,28.1,18.9,,,,,,,,,,,,,,,,,,,
January,2014,Adelaide,30.7,17.8,,,,,,,,,,,,,,,,,,,
January,2015,Adelaide,27.6,17,,,,,,,,,,,,,,,,,,,
January,2016,Adelaide,29.1,17.6,,,,,,,,,,,,,,,,,,,
January,2017,Adelaide,29.1,17.8,,,,,,,,,,,,,,,,,,,
January,2018,Adelaide,30.3,18.2,,,,,,,,,,,,,,,,,,,
January,2019,Adelaide,31.2,17.9,,,,,,,,,,,,,,,,,,,
January,2020,Adelaide,27.6,16.3,,,,,,,,,,,,,,,,,,,
January,2021,Adelaide,27.9,16.6,,,,,,,,,,,,,,,,,,,
January,2022,Adelaide,28,18.8,,,,,,,,,,,,,,,,,,,
February,2014,Adelaide,28.2,16.9,,,,,,,,,,,,,,,,,,,
February,2015,Adelaide,31,17.5,,,,,,,,,,,,,,,,,,,
February,2016,Adelaide,27.2,16.2,,,,,,,,,,,,,,,,,,,
February,2017,Adelaide,27.2,16.6,,,,,,,,,,,,,,,,,,,
February,2018,Adelaide,29,18.1,,,,,,,,,,,,,,,,,,,
February,2019,Adelaide,28.2,16.6,,,,,,,,,,,,,,,,,,,
February,2020,Adelaide,25.5,16.3,,,,,,,,,,,,,,,,,,,
February,2021,Adelaide,26.3,16,,,,,,,,,,,,,,,,,,,
February,2022,Adelaide,27.2,16.6,,,,,,,,,,,,,,,,,,,
March,2014,Adelaide,26,14.6,,,,,,,,,,,,,,,,,,,
March,2015,Adelaide,24.1,14.3,,,,,,,,,,,,,,,,,,,
March,2016,Adelaide,27.1,16.4,,,,,,,,,,,,,,,,,,,
March,2017,Adelaide,27.8,17,,,,,,,,,,,,,,,,,,,
March,2018,Adelaide,26.3,15.9,,,,,,,,,,,,,,,,,,,
March,2019,Adelaide,25.6,15.5,,,,,,,,,,,,,,,,,,,
March,2020,Adelaide,24.9,15,,,,,,,,,,,,,,,,,,,
March,2021,Adelaide,25,14.3,,,,,,,,,,,,,,,,,,,
March,2022,Adelaide,26.3,15.8,,,,,,,,,,,,,,,,,,,
April,2014,Adelaide,22.8,12.8,,,,,,,,,,,,,,,,,,,
April,2015,Adelaide,20.1,11,,,,,,,,,,,,,,,,,,,
April,2016,Adelaide,23.8,12.6,,,,,,,,,,,,,,,,,,,
April,2017,Adelaide,22.8,13.1,,,,,,,,,,,,,,,,,,,
April,2018,Adelaide,25.3,14,,,,,,,,,,,,,,,,,,,
April,2019,Adelaide,24,13.7,,,,,,,,,,,,,,,,,,,
April,2020,Adelaide,21.1,12.7,,,,,,,,,,,,,,,,,,,
April,2021,Adelaide,22.5,11.4,,,,,,,,,,,,,,,,,,,
April,2022,Adelaide,23.4,14.3,,,,,,,,,,,,,,,,,,,
May,2014,Adelaide,20.4,11.6,,,,,,,,,,,,,,,,,,,
May,2015,Adelaide,18.1,10,,,,,,,,,,,,,,,,,,,
May,2016,Adelaide,19.6,12.5,,,,,,,,,,,,,,,,,,,
May,2017,Adelaide,19,9.1,,,,,,,,,,,,,,,,,,,
May,2018,Adelaide,18.6,11.4,,,,,,,,,,,,,,,,,,,
May,2019,Adelaide,18.5,10.4,,,,,,,,,,,,,,,,,,,
May,2020,Adelaide,17.4,9.1,,,,,,,,,,,,,,,,,,,
May,2021,Adelaide,19.1,9.9,,,,,,,,,,,,,,,,,,,
May,2022,Adelaide,18.7,10.4,,,,,,,,,,,,,,,,,,,
June,2014,Adelaide,16.5,8.9,,,,,,,,,,,,,,,,,,,
June,2015,Adelaide,16,8,,,,,,,,,,,,,,,,,,,
June,2016,Adelaide,16.1,9.2,,,,,,,,,,,,,,,,,,,
June,2017,Adelaide,16.5,5.4,,,,,,,,,,,,,,,,,,,
June,2018,Adelaide,15.7,7.2,,,,,,,,,,,,,,,,,,,
June,2019,Adelaide,16.1,7.6,,,,,,,,,,,,,,,,,,,
June,2020,Adelaide,15.6,6.8,,,,,,,,,,,,,,,,,,,
June,2021,Adelaide,16.6,9.2,,,,,,,,,,,,,,,,,,,
June,2022,Adelaide,15.4,9.6,,,,,,,,,,,,,,,,,,,
July,2014,Adelaide,15.1,7.8,,,,,,,,,,,,,,,,,,,
July,2015,Adelaide,14.5,6.8,,,,,,,,,,,,,,,,,,,
July,2016,Adelaide,15.1,8.4,,,,,,,,,,,,,,,,,,,
July,2017,Adelaide,16.2,8.2,,,,,,,,,,,,,,,,,,,
July,2018,Adelaide,15.9,8.4,,,,,,,,,,,,,,,,,,,
July,2019,Adelaide,16.1,9,,,,,,,,,,,,,,,,,,,
July,2020,Adelaide,15.1,5.6,,,,,,,,,,,,,,,,,,,
July,2021,Adelaide,15.2,8.1,,,,,,,,,,,,,,,,,,,
July,2022,Adelaide,14.8,6.7,,,,,,,,,,,,,,,,,,,
August,2014,Adelaide,16.3,5.5,,,,,,,,,,,,,,,,,,,
August,2015,Adelaide,15.5,8.1,,,,,,,,,,,,,,,,,,,
August,2016,Adelaide,17,7.9,,,,,,,,,,,,,,,,,,,
August,2017,Adelaide,15.6,8,,,,,,,,,,,,,,,,,,,
August,2018,Adelaide,16.8,9.3,,,,,,,,,,,,,,,,,,,
August,2019,Adelaide,15.2,7.3,,,,,,,,,,,,,,,,,,,
August,2020,Adelaide,15.8,7.7,,,,,,,,,,,,,,,,,,,
August,2021,Adelaide,16.5,8.4,,,,,,,,,,,,,,,,,,,
August,2022,Adelaide,15.9,9.1,,,,,,,,,,,,,,,,,,,
September,2014,Adelaide,20.1,9.9,,,,,,,,,,,,,,,,,,,
September,2015,Adelaide,18.5,8.8,,,,,,,,,,,,,,,,,,,
September,2016,Adelaide,16.9,9.7,,,,,,,,,,,,,,,,,,,
September,2017,Adelaide,18.7,10.8,,,,,,,,,,,,,,,,,,,
September,2018,Adelaide,18.3,7.9,,,,,,,,,,,,,,,,,,,
September,2019,Adelaide,18.8,8.4,,,,,,,,,,,,,,,,,,,
September,2020,Adelaide,20.5,11,,,,,,,,,,,,,,,,,,,
September,2021,Adelaide,19.2,9.5,,,,,,,,,,,,,,,,,,,
September,2022,Adelaide,16.9,8.9,,,,,,,,,,,,,,,,,,,
October,2014,Adelaide,24.5,11.3,,,,,,,,,,,,,,,,,,,
October,2015,Adelaide,25.4,13,,,,,,,,,,,,,,,,,,,
October,2016,Adelaide,20.3,10.5,,,,,,,,,,,,,,,,,,,
October,2017,Adelaide,22.9,12.3,,,,,,,,,,,,,,,,,,,
October,2018,Adelaide,23,12.1,,,,,,,,,,,,,,,,,,,
October,2019,Adelaide,23.4,11.8,,,,,,,,,,,,,,,,,,,
October,2020,Adelaide,21.4,11.8,,,,,,,,,,,,,,,,,,,
October,2021,Adelaide,20.6,10.4,,,,,,,,,,,,,,,,,,,
October,2022,Adelaide,20.2,12.4,,,,,,,,,,,,,,,,,,,
November,2014,Adelaide,25.3,14,,,,,,,,,,,,,,,,,,,
November,2015,Adelaide,25.7,14.1,,,,,,,,,,,,,,,,,,,
November,2016,Adelaide,22.7,12.2,,,,,,,,,,,,,,,,,,,
November,2017,Adelaide,27,16.3,,,,,,,,,,,,,,,,,,,
November,2018,Adelaide,23.3,13.3,,,,,,,,,,,,,,,,,,,
November,2019,Adelaide,22.7,12.7,,,,,,,,,,,,,,,,,,,
November,2020,Adelaide,28,14.5,,,,,,,,,,,,,,,,,,,
November,2021,Adelaide,22.9,13.1,,,,,,,,,,,,,,,,,,,
November,2022,Adelaide,22.2,13.2,,,2015,,,,,,,,,,,,,,,,
December,2014,Adelaide,25,14.9,,,2016,,,,,,,,,,,,,,,,
December,2015,Adelaide,30.3,17.2,,,2017,,,,,,,,,,,,,,,,
December,2016,Adelaide,26.6,14.9,,,2018,,,,,,,,,,,,,,,,
December,2017,Adelaide,26.1,15.3,,,2019,,,,,,,,,,,,,,,,
December,2018,Adelaide,28.6,16.5,,,2020,,,,,,,,,,,,,,,,
December,2019,Adelaide,29.1,16.6,,,2021,,,,,,,,,,,,,,,,
December,2020,Adelaide,25.5,14.7,,,2022,,,,,,,,,,,,,,,,
December,2021,Adelaide,26.2,14.5,,,,,,,,,,,,,,,,,,,
December,2022,Adelaide,26.5,14.9,,,,,,,,,,,,,,,,,,,
January,2014,Perth,32.2,17.8,,,,,,,,,,,,,,,,,,,
January,2015,Perth,33,17.7,,,,,,,,,,,,,,,,,,,
January,2016,Perth,32,19,,,,,,,,,,,,,,,,,,,
January,2017,Perth,31,16.3,,,,,,,,,,,,,,,,,,,
January,2018,Perth,30.8,17.3,,,,,,,,,,,,,,,,,,,
January,2019,Perth,30.5,15.8,,,,,,,,,,,,,,,,,,,
January,2020,Perth,30.5,16.7,,,,,,,,,,,,,,,,,,,
January,2021,Perth,32.9,18.6,,,,,,,,,,,,,,,,,,,
January,2022,Perth,33.7,18.7,,,,,,,,,,,,,,,,,,,
February,2014,Perth,33.2,18.2,,,,,,,,,,,,,,,,,,,
February,2015,Perth,32.3,18.6,,,,,,,,,,,,,,,,,,,
February,2016,Perth,32.2,17.3,,,,,,,,,,,,,,,,,,,
February,2017,Perth,30.1,17.2,,,,,,,,,,,,,,,,,,,
February,2018,Perth,29.9,17.7,,,,,,,,,,,,,,,,,,,
February,2019,Perth,31.3,17.4,,,,,,,,,,,,,,,,,,,
February,2020,Perth,32.3,19.9,,,,,,,,,,,,,,,,,,,
February,2021,Perth,30.1,17.2,,,,,,,,,,,,,,,,,,,
February,2022,Perth,34.5,18.6,,,,,,,,,,,,,,,,,,,
March,2014,Perth,30.3,17.1,,,,,,,,,,,,,,,,,,,
March,2015,Perth,29.5,16.2,,,,,,,,,,,,,,,,,,,
March,2016,Perth,29.6,17.5,,,,,,,,,,,,,,,,,,,
March,2017,Perth,27.9,15.5,,,,,,,,,,,,,,,,,,,
March,2018,Perth,29.8,17.1,,,,,,,,,,,,,,,,,,,
March,2019,Perth,30.1,17.2,,,,,,,,,,,,,,,,,,,
March,2020,Perth,29.7,17.2,,,,,,,,,,,,,,,,,,,
March,2021,Perth,29.9,16.9,,,,,,,,,,,,,,,,,,,
March,2022,Perth,30.2,17.8,,,,,,,,,,,,,,,,,,,
April,2014,Perth,26.5,13.1,,,,,,,,,,,,,,,,,,,
April,2015,Perth,25.4,13.4,,,,,,,,,,,,,,,,,,,
April,2016,Perth,25,14.6,,,,,,,,,,,,,,,,,,,
April,2017,Perth,27,12.1,,,,,,,,,,,,,,,,,,,
April,2018,Perth,26.1,13.2,,,,,,,,,,,,,,,,,,,
April,2019,Perth,25.6,12.6,,,,,,,,,,,,,,,,,,,
April,2020,Perth,26.4,13.5,,,,,,,,,,,,,,,,,,,
April,2021,Perth,27.1,13.4,,,,,,,,,,,,,,,,,,,
April,2022,Perth,25.9,13.9,,,,,,,,,,,,,,,,,,,
May,2014,Perth,21.4,11.8,,,,,,,,,,,,,,,,,,,
May,2015,Perth,21.3,8.8,,,,,,,,,,,,,,,,,,,
May,2016,Perth,20.8,9.5,,,,,,,,,,,,,,,,,,,
May,2017,Perth,22.7,11.1,,,,,,,,,,,,,,,,,,,
May,2018,Perth,23.9,10.3,,,,,,,,,,,,,,,,,,,
May,2019,Perth,22.2,8,,,,,,,,,,,,,,,,,,,
May,2020,Perth,22,9.2,,,,,,,,,,,,,,,,,,,
May,2021,Perth,22.2,11.5,,,,,,,,,,,,,,,,,,,
May,2022,Perth,22.2,10,,,,,,,,,,,,,,,,,,,
June,2014,Perth,19.6,7.5,,,,,,,,,,,,,,,,,,,
June,2015,Perth,21,10,,,,,,,,,,,,,,,,,,,
June,2016,Perth,18.6,8.8,,,,,,,,,,,,,,,,,,,
June,2017,Perth,21.4,8.6,,,,,,,,,,,,,,,,,,,
June,2018,Perth,19.2,8.9,,,,,,,,,,,,,,,,,,,
June,2019,Perth,19.8,9.2,,,,,,,,,,,,,,,,,,,
June,2020,Perth,21.2,11.1,,,,,,,,,,,,,,,,,,,
June,2021,Perth,18.7,7.1,,,,,,,,,,,,,,,,,,,
June,2022,Perth,19.9,9.1,,,,,,,,,,,,,,,,,,,
July,2014,Perth,18.5,8.5,,,,,,,,,,,,,,,,,,,
July,2015,Perth,18.7,9.1,,,,,,,,,,,,,,,,,,,
July,2016,Perth,17.7,7.4,,,,,,,,,,,,,,,,,,,
July,2017,Perth,18.4,9.7,,,,,,,,,,,,,,,,,,,
July,2018,Perth,19.2,9.2,,,,,,,,,,,,,,,,,,,
July,2019,Perth,19.3,8.4,,,,,,,,,,,,,,,,,,,
July,2020,Perth,19.4,8.6,,,,,,,,,,,,,,,,,,,
July,2021,Perth,18.3,10.2,,,,,,,,,,,,,,,,,,,
July,2022,Perth,19,9.3,,,,,,,,,,,,,,,,,,,
August,2014,Perth,21.6,10.2,,,,,,,,,,,,,,,,,,,
August,2015,Perth,19.3,9.2,,,,,,,,,,,,,,,,,,,
August,2016,Perth,17.7,7.5,,,,,,,,,,,,,,,,,,,
August,2017,Perth,18.7,9.1,,,,,,,,,,,,,,,,,,,
August,2018,Perth,18.4,7.8,,,,,,,,,,,,,,,,,,,
August,2019,Perth,20.2,7.8,,,,,,,,,,,,,,,,,,,
August,2020,Perth,19.1,7.9,,,,,,,,,,,,,,,,,,,
August,2021,Perth,19.6,9.2,,,,,,,,,,,,,,,,,,,
August,2022,Perth,18.6,7.7,,,,,,,,,,,,,,,,,,,
September,2014,Perth,22,10.6,,,,,,,,,,,,,,,,,,,
September,2015,Perth,22.5,9.3,,,,,,,,,,,,,,,,,,,
September,2016,Perth,18.5,6.8,,,,,,,,,,,,,,,,,,,
September,2017,Perth,20.7,9.7,,,,,,,,,,,,,,,,,,,
September,2018,Perth,20.5,8.1,,,,,,,,,,,,,,,,,,,
September,2019,Perth,22.9,9,,,,,,,,,,,,,,,,,,,
September,2020,Perth,21.6,10.1,,,,,,,,,,,,,,,,,,,
September,2021,Perth,21.5,8.8,,,,,,,,,,,,,,,,,,,
September,2022,Perth,21.1,9.3,,,,,,,,,,,,,,,,,,,
October,2014,Perth,24.5,11.4,,,,,,,,,,,,,,,,,,,
October,2015,Perth,26.8,12.2,,,,,,,,,,,,,,,,,,,
October,2016,Perth,21.8,9.4,,,,,,,,,,,,,,,,,,,
October,2017,Perth,23.1,10.8,,,,,,,,,,,,,,,,,,,
October,2018,Perth,23.5,12.6,,,,,,,,,,,,,,,,,,,
October,2019,Perth,24,10.6,,,,,,,,,,,,,,,,,,,
October,2020,Perth,25.3,11.6,,,,,,,,,,,,,,,,,,,
October,2021,Perth,21.5,9.7,,,,,,,,,,,,,,,,,,,
October,2022,Perth,22.1,8.8,,,,,,,,,,,,,,,,,,,
November,2014,Perth,26.2,12.5,,,,,,,,,,,,,,,,,,,
November,2015,Perth,28.4,15,,,,,,,,,,,,,,,,,,,
November,2016,Perth,27.7,12.4,,,,,,,,,,,,,,,,,,,
November,2017,Perth,29.3,15.4,,,,,,,,,,,,,,,,,,,
November,2018,Perth,25.2,12.5,,,,,,,,,,,,,,,,,,,
November,2019,Perth,29.1,14,,,,,,,,,,,,,,,,,,,
November,2020,Perth,24.7,12.5,,,,,,,,,,,,,,,,,,,
November,2021,Perth,26.1,13.1,,,,,,,,,,,,,,,,,,,
November,2022,Perth,25.5,12,,,,,,,,,,,,,,,,,,,
December,2014,Perth,28.9,14.9,,,,,,,,,,,,,,,,,,,
December,2015,Perth,29.4,16,,,,,,,,,,,,,,,,,,,
December,2016,Perth,28.4,14.7,,,,,,,,,,,,,,,,,,,
December,2017,Perth,29.7,16.4,,,,,,,,,,,,,,,,,,,
December,2018,Perth,29.6,15.2,,,,,,,,,,,,,,,,,,,
December,2019,Perth,33.1,17.7,,,,,,,,,,,,,,,,,,,
December,2020,Perth,31.7,16.4,,,,,,,,,,,,,,,,,,,
December,2021,Perth,31.7,16.7,,,,,,,,,,,,,,,,,,,
December,2022,Perth,29.7,15.9,,,,,,,,,,,,,,,,,,,
January,2014,Hobart,23.5,12.5,,,,,,,,,,,,,,,,,,,
January,2015,Hobart,21.5,13.2,,,,,,,,,,,,,,,,,,,
January,2016,Hobart,22.5,14.4,,,,,,,,,,,,,,,,,,,
January,2017,Hobart,23,13.5,,,,,,,,,,,,,,,,,,,
January,2018,Hobart,24.4,14.3,,,,,,,,,,,,,,,,,,,
January,2019,Hobart,25.9,14.7,,,,,,,,,,,,,,,,,,,
January,2020,Hobart,24.3,13.8,,,,,,,,,,,,,,,,,,,
January,2021,Hobart,22.5,12.7,,,,,,,,,,,,,,,,,,,
January,2022,Hobart,22.1,14.3,,,,,,,,,,,,,,,,,,,
February,2014,Hobart,23.1,13,,,,,,,,,,,,,,,,,,,
February,2015,Hobart,22.5,13.4,,,,,,,,,,,,,,,,,,,
February,2016,Hobart,23.8,14.4,,,,,,,,,,,,,,,,,,,
February,2017,Hobart,22.9,11.8,,,,,,,,,,,,,,,,,,,
February,2018,Hobart,21.7,12.8,,,,,,,,,,,,,,,,,,,
February,2019,Hobart,22.9,13,,,,,,,,,,,,,,,,,,,
February,2020,Hobart,20.8,12.1,,,,,,,,,,,,,,,,,,,
February,2021,Hobart,22.5,12.9,,,,,,,,,,,,,,,,,,,
February,2022,Hobart,22.5,13.4,,,,,,,,,,,,,,,,,,,
March,2014,Hobart,22,12.6,,,,,,,,,,,,,,,,,,,
March,2015,Hobart,20.3,9.9,,,,,,,,,,,,,,,,,,,
March,2016,Hobart,21.6,12.5,,,,,,,,,,,,,,,,,,,
March,2017,Hobart,22.4,12.9,,,,,,,,,,,,,,,,,,,
March,2018,Hobart,21.4,12.4,,,,,,,,,,,,,,,,,,,
March,2019,Hobart,21.5,12.2,,,,,,,,,,,,,,,,,,,
March,2020,Hobart,20,10.9,,,,,,,,,,,,,,,,,,,
March,2021,Hobart,21.2,11.8,,,,,,,,,,,,,,,,,,,
March,2022,Hobart,21.5,12.7,,,,,,,,,,,,,,,,,,,
April,2014,Hobart,18.3,9.7,,,,,,,,,,,,,,,,,,,
April,2015,Hobart,16.7,8.9,,,,,,,,,,,,,,,,,,,
April,2016,Hobart,20.4,10.8,,,,,,,,,,,,,,,,,,,
April,2017,Hobart,19.2,9.8,,,,,,,,,,,,,,,,,,,
April,2018,Hobart,18.8,10.1,,,,,,,,,,,,,,,,,,,
April,2019,Hobart,19.6,9,,,,,,,,,,,,,,,,,,,
April,2020,Hobart,17.3,10.4,,,,,,,,,,,,,,,,,,,
April,2021,Hobart,18.5,10.1,,,,,,,,,,,,,,,,,,,
April,2022,Hobart,19,10.3,,,,,,,,,,,,,,,,,,,
May,2014,Hobart,15.6,7.7,,,,,,,,,,,,,,,,,,,
May,2015,Hobart,14.6,6.8,,,,,,,,,,,,,,,,,,,
May,2016,Hobart,15.6,8.7,,,,,,,,,,,,,,,,,,,
May,2017,Hobart,14.7,7.6,,,,,,,,,,,,,,,,,,,
May,2018,Hobart,15.8,8.4,,,,,,,,,,,,,,,,,,,
May,2019,Hobart,15.8,8.2,,,,,,,,,,,,,,,,,,,
May,2020,Hobart,15.5,7.5,,,,,,,,,,,,,,,,,,,
May,2021,Hobart,15.7,7.6,,,,,,,,,,,,,,,,,,,
May,2022,Hobart,15.1,7.1,,,,,,,,,,,,,,,,,,,
June,2014,Hobart,13.3,6.4,,,,,,,,,,,,,,,,,,,
June,2015,Hobart,12.9,5.3,,,,,,,,,,,,,,,,,,,
June,2016,Hobart,13.5,6.5,,,,,,,,,,,,,,,,,,,
June,2017,Hobart,13.9,5.9,,,,,,,,,,,,,,,,,,,
June,2018,Hobart,12.8,5.1,,,,,,,,,,,,,,,,,,,
June,2019,Hobart,13.6,5.5,,,,,,,,,,,,,,,,,,,
June,2020,Hobart,12.8,5.7,,,,,,,,,,,,,,,,,,,
June,2021,Hobart,13.4,6.8,,,,,,,,,,,,,,,,,,,
June,2022,Hobart,12.5,5.8,,,,,,,,,,,,,,,,,,,
July,2014,Hobart,13.4,5.9,,,,,,,,,,,,,,,,,,,
July,2015,Hobart,12.1,4.4,,,,,,,,,,,,,,,,,,,
July,2016,Hobart,13.2,6.2,,,,,,,,,,,,,,,,,,,
July,2017,Hobart,12.2,3.5,,,,,,,,,,,,,,,,,,,
July,2018,Hobart,13.4,5.8,,,,,,,,,,,,,,,,,,,
July,2019,Hobart,13.5,6,,,,,,,,,,,,,,,,,,,
July,2020,Hobart,12.5,4.6,,,,,,,,,,,,,,,,,,,
July,2021,Hobart,13,5.6,,,,,,,,,,,,,,,,,,,
July,2022,Hobart,12.8,4.7,,,,,,,,,,,,,,,,,,,
August,2014,Hobart,14.6,5.4,,,,,,,,,,,,,,,,,,,
August,2015,Hobart,12.4,3.7,,,,,,,,,,,,,,,,,,,
August,2016,Hobart,14.3,5.5,,,,,,,,,,,,,,,,,,,
August,2017,Hobart,13.3,4.6,,,,,,,,,,,,,,,,,,,
August,2018,Hobart,13.9,5.5,,,,,,,,,,,,,,,,,,,
August,2019,Hobart,13.7,5,,,,,,,,,,,,,,,,,,,
August,2020,Hobart,13.6,5.5,,,,,,,,,,,,,,,,,,,
August,2021,Hobart,14.4,6.5,,,,,,,,,,,,,,,,,,,
August,2022,Hobart,14.6,6.1,,,,,,,,,,,,,,,,,,,
September,2014,Hobart,17.9,7.8,,,,,,,,,,,,,,,,,,,
September,2015,Hobart,16.2,7.4,,,,,,,,,,,,,,,,,,,
September,2016,Hobart,16.2,8,,,,,,,,,,,,,,,,,,,
September,2017,Hobart,15.1,5.8,,,,,,,,,,,,,,,,,,,
September,2018,Hobart,16.3,6.9,,,,,,,,,,,,,,,,,,,
September,2019,Hobart,16.7,7.2,,,,,,,,,,,,,,,,,,,
September,2020,Hobart,16.8,7.3,,,,,,,,,,,,,,,,,,,
September,2021,Hobart,15.8,6.9,,,,,,,,,,,,,,,,,,,
September,2022,Hobart,15.3,6.9,,,,,,,,,,,,,,,,,,,
October,2014,Hobart,18.1,8.6,,,,,,,,,,,,,,,,,,,
October,2015,Hobart,19.7,8.8,,,,,,,,,,,,,,,,,,,
October,2016,Hobart,17.2,8,,,,,,,,,,,,,,,,,,,
October,2017,Hobart,20,10,,,,,,,,,,,,,,,,,,,
October,2018,Hobart,18.3,9.1,,,,,,,,,,,,,,,,,,,
October,2019,Hobart,18.8,7.7,,,,,,,,,,,,,,,,,,,
October,2020,Hobart,16,8.2,,,,,,2014,,,,,,,,,,,,,
October,2021,Hobart,16.5,8.8,,,,,,2015,,,,,,,,,,,,,
October,2022,Hobart,16.9,8.7,,,,,,,,,,,,,,,,,,,
November,2014,Hobart,19.4,10.3,,,,,,2017,,,,,,,,,,,,,
November,2015,Hobart,20.5,10.8,,,,,,2018,,,,,,,,,,,,,
November,2016,Hobart,18.6,10.1,,,,,,2019,,,,,,,,,,,,,
November,2017,Hobart,22.4,12.1,,,,,,2020,,,,,,,,,,,,,
November,2018,Hobart,19.5,10.6,,,,,,2021,,,,,,,,,,,,,
November,2019,Hobart,20.2,9.4,,,,,,2022,,,,,,,,,,,,,
November,2020,Hobart,22.3,11.8,,,,,,,,,,,,,,,,,,,
November,2021,Hobart,18.3,9.3,,,,,,,,,,,,,,,,,,,
November,2022,Hobart,18.5,9.3,,,,,,,,,,,,,,,,,,,
December,2014,Hobart,20.3,12.1,,,,,,,,,,,,,,,,,,,
December,2015,Hobart,22.5,12.2,,,,,,,,,,,,,,,,,,,
December,2016,Hobart,22,12.2,,,,,,,,,,,,,,,,,,,
December,2017,Hobart,22.5,13.4,,,,,,,,,,,,,,,,,,,
December,2018,Hobart,22.3,13.3,,,,,,,,,,,,,,,,,,,
December,2019,Hobart,21.8,11.3,,,,,,,,,,,,,,,,,,,
December,2020,Hobart,20.7,11.2,,,,,,,,,,,,,,,,,,,
December,2021,Hobart,21.1,11.4,,,,,,,,,,,,,,,,,,,
December,2022,Hobart,19.8,11.2,,,,,,,,,,,,,,,,,,,
January,2014,Darwin,31.7,24.9,,,,,,,,,,,,,,,,,,,
January,2015,Darwin,31.2,25.1,,,,,,,,,,,,,,,,,,,
January,2016,Darwin,33,26.1,,,,,,,,,,,,,,,,,,,
January,2017,Darwin,32,25.5,,,,,,,,,,,,,,,,,,,
January,2018,Darwin,31.8,24.5,,,,,,,,,,,,,,,,,,,
January,2019,Darwin,32.7,25.3,,,,,,,,,,,,,,,,,,,
January,2020,Darwin,32.8,26,,,,,,,,,,,,,,,,,,,
January,2021,Darwin,31.8,25.1,,,,,,,,,,,,,,,,,,,
January,2022,Darwin,32.6,25.3,,,,,,,,,,,,,,,,,,,
February,2014,Darwin,31.3,25.2,,,,,,,,,,,,,,,,,,,
February,2015,Darwin,32.6,24.9,,,,,,,,,,,,,,,,,,,
February,2016,Darwin,33.5,25.4,,,,,,,,,,,,,,,,,,,
February,2017,Darwin,31.6,25.1,,,,,,,,,,,,,,,,,,,
February,2018,Darwin,31.6,25.1,,,,,,,,,,,,,,,,,,,
February,2019,Darwin,33.1,26,,,,,,,,,,,,,,,,,,,
February,2020,Darwin,33.4,26.8,,,,,,,,,,,,,,,,,,,
February,2021,Darwin,31.4,25,,,,,,,,,,,,,,,,,,,
February,2022,Darwin,31.7,24.4,,,,,,,,,,,,,,,,,,,
March,2014,Darwin,33,24.7,,,,,,,,,,,,,,,,,,,
March,2015,Darwin,32.7,25.5,,,,,,,,,,,,,,,,,,,
March,2016,Darwin,33.7,26.2,,,,,,,,,,,,,,,,,,,
March,2017,Darwin,32.1,24.8,,,,,,,,,,,,,,,,,,,
March,2018,Darwin,32.7,25.3,,,,,,,,,,,,,,,,,,,
March,2019,Darwin,33.4,25.3,,,,,,,,,,,,,,,,,,,
March,2020,Darwin,33.2,25.4,,,,,,,,,,,,,,,,,,,
March,2021,Darwin,32.3,25.1,,,,,,,,,,,,,,,,,,,
March,2022,Darwin,33.4,25.7,,,,,,,,,,,,,,,,,,,
April,2014,Darwin,33,24.8,,,,,,,,,,,,,,,,,,,
April,2015,Darwin,33.2,24.2,,,,,,,,,,,,,,,,,,,
April,2016,Darwin,34.5,25,,,,,,,,,,,,,,,,,,,
April,2017,Darwin,32,24.1,,,,,,,,,,,,,,,,,,,
April,2018,Darwin,33.8,24.1,,,,,,,,,,,,,,,,,,,
April,2019,Darwin,33.1,24.5,,,,,,,,,,,,,,,,,,,
April,2020,Darwin,33.7,25.1,,,,,,,,,,,,,,,,,,,
April,2021,Darwin,33,24.1,,,,,,,,,,,,,,,,,,,
April,2022,Darwin,33.9,25.2,,,,,,,,,,,,,,,,,,,
May,2014,Darwin,32.7,23.3,,,,,,,,,,,,,,,,,,,
May,2015,Darwin,32.6,21,,,,,,,,,,,,,,,,,,,
May,2016,Darwin,33.5,24.7,,,,,,,,,,,,,,,,,,,
May,2017,Darwin,32.9,22.6,,,,,,,,,,,,,,,,,,,
May,2018,Darwin,32.7,21.8,,,,,,,,,,,,,,,,,,,
May,2019,Darwin,32.3,22.9,,,,,,,,,,,,,,,,,,,
May,2020,Darwin,32.1,22.4,,,,,,,,,,,,,,,,,,,
May,2021,Darwin,32.7,22,,,,,,,,,,,,,,,,,,,
May,2022,Darwin,33.6,24,,,,,,,,,,,,,,,,,,,
June,2014,Darwin,31.2,20,,,,,,,,,,,,,,,,,,,
June,2015,Darwin,32,21,,,,,,,,,,,,,,,,,,,
June,2016,Darwin,33.2,23,,,,,,,,,,,,,,,,,,,
June,2017,Darwin,31.3,20,,,,,,,,,,,,,,,,,,,
June,2018,Darwin,31.6,20.1,,,,,,,,,,,,,,,,,,,
June,2019,Darwin,31,19,,,,,,,,,,,,,,,,,,,
June,2020,Darwin,32.4,21.1,,,,,,,,,,,,,,,,,,,
June,2021,Darwin,31.8,21.1,,,,,,,,,,,,,,,,,,,
June,2022,Darwin,31.9,21.6,,,,,,,,,,,,,,,,,,,
July,2014,Darwin,31.1,18.9,,,,,,,,,,,,,,,,,,,
July,2015,Darwin,31.3,18.9,,,,,,,,,,,,,,,,,,,
July,2016,Darwin,31.5,19.8,,,,,,,,,,,,,,,,,,,
July,2017,Darwin,32.6,21.1,,,,,,,,,,,,,,,,,,,
July,2018,Darwin,31.9,20,,,,,,,,,,,,,,,,,,,
July,2019,Darwin,31.3,18.5,,,,,,,,,,,,,,,,,,,
July,2020,Darwin,32,19.2,,,,,,,,,,,,,,,,,,,
July,2021,Darwin,32.3,20.6,,,,,,,,,,,,,,,,,,,
July,2022,Darwin,29.8,17,,,,,,,,,,,,,,,,,,,
August,2014,Darwin,31.9,17.8,,,,,,,,,,,,,,,,,,,
August,2015,Darwin,31.8,19.7,,,,,,,,,,,,,,,,,,,
August,2016,Darwin,32.6,20.2,,,,,,,,,,,,,,,,,,,
August,2017,Darwin,33.1,20.2,,,,,,,,,,,,,,,,,,,
August,2018,Darwin,32,20.1,,,,,,,,,,,,,,,,,,,
August,2019,Darwin,32,19.4,,,,,,,,,,,,,,,,,,,
August,2020,Darwin,32.6,21,,,,,,,,,,,,,,,,,,,
August,2021,Darwin,33.4,21.5,,,,,,,,,,,,,,,,,,,
August,2022,Darwin,32.8,20.8,,,,,,,,,,,,,,,,,,,
September,2014,Darwin,33.2,21,,,,,,,,,,,,,,,,,,,
September,2015,Darwin,33.2,22.1,,,,,,,,,,,,,,,,,,,
September,2016,Darwin,33.2,24.7,,,,,,,,,,,,,,,,,,,
September,2017,Darwin,34.1,22.5,,,,,,,,,,,,,,,,,,,
September,2018,Darwin,33.6,22.9,,,,,,,,,,,,,,,,,,,
September,2019,Darwin,32.7,21.2,,,,,,,,,,,,,,,,,,,
September,2020,Darwin,33.9,23.7,,,,,,,,,,,,,,,,,,,
September,2021,Darwin,34.1,24,,,,,,,,,,,,,,,,,,,
September,2022,Darwin,33.8,24.8,,,,,,,,,,,,,,,,,,,
October,2014,Darwin,34.3,23.6,,,,,,,,,,,,,,,,,,,
October,2015,Darwin,33.8,24.1,,,,,,,,,,,,,,,,,,,
October,2016,Darwin,33.8,24.6,,,,,,,,,,,,,,,,,,,
October,2017,Darwin,33.9,25.4,,,,,,,,,,,,,,,,,,,
October,2018,Darwin,34.2,25.2,,,,,,,,,,,,,,,,,,,
October,2019,Darwin,34.3,24.2,,,,,,,,,,,,,,,,,,,
October,2020,Darwin,33.6,25.3,,,,,,,,,,,,,,,,,,,
October,2021,Darwin,34.5,26.6,,,,,,,,,,,,,,,,,,,
October,2022,Darwin,33.8,26.1,,,,,,,,,,,,,,,,,,,
November,2014,Darwin,34.3,25.1,,,,,,,,,,,,,,,,,,,
November,2015,Darwin,34.7,25.9,,,,,,,,,,,,,,,,,,,
November,2016,Darwin,33.7,25.5,,,,,,,,,,,,,,,,,,,
November,2017,Darwin,33.9,24.7,,,,,,,,,,,,,,,,,,,
November,2018,Darwin,34,25.5,,,,,,,,,,,,,,,,,,,
November,2019,Darwin,34.5,25.6,,,,,,,,,,,,,,,,,,,
November,2020,Darwin,35,25.8,,,,,,,,,,,,,,,,,,,
November,2021,Darwin,34.7,25.8,,,,,,,,,,,,,,,,,,,
November,2022,Darwin,34.1,25.6,,,,,,,,,,,,,,,,,,,
December,2014,Darwin,34,26.6,,,,,,,,,,,,,,,,,,,
December,2015,Darwin,32.4,25.2,,,,,,,,,,,,,,,,,,,
December,2016,Darwin,32.6,25.2,,,,,,,,,,,,,,,,,,,
December,2017,Darwin,33.9,25.9,,,,,,,,,,,,,,,,,,,
December,2018,Darwin,34,27.1,,,,,,,,,,,,,,,,,,,
December,2019,Darwin,35.3,26.2,,,,,,,,,,,,,,,,,,,
December,2020,Darwin,32.6,25,,,,,,,,,,,,,,,,,,,
December,2021,Darwin,33.5,25.8,,,,,,,,,,,,,,,,,,,
December,2022,Darwin,33.1,25.4,,,,,,,,,,,,,,,,,,,
January,2014,Canberra,31.6,12.1,,,,,,,,,,,,,,,,,,,
January,2015,Canberra,27.4,13.9,,,,,,,,,,,,,,,,,,,
January,2016,Canberra,28.5,14,,,,,,,,,,,,,,,,,,,
January,2017,Canberra,32.8,14.9,,,,,,,,,,,,,,,,,,,
January,2018,Canberra,31.6,14.4,,,,,,,,,,,,,,,,,,,
January,2019,Canberra,34.5,17.7,,,,,,,,,,,,,,,,,,,
January,2020,Canberra,31.7,15.2,,,,,,,,,,,,,,,,,,,
January,2021,Canberra,28.1,12.3,,,,,,,,,,,,,,,,,,,
January,2022,Canberra,26.9,14.8,,,,,,,,,,,,,,,,,,,
February,2014,Canberra,29.4,13.5,,,,,,,,,,,,,,,,,,,
February,2015,Canberra,28.1,13.1,,,,,,,,,,,,,,,,,,,
February,2016,Canberra,29.3,13.3,,,,,,,,,,,,,,,,,,,
February,2017,Canberra,30.1,12.9,,,,,,,,,,,,,,,,,,,
February,2018,Canberra,29,12.8,,,,,,,,,,,,,,,,,,,
February,2019,Canberra,29.1,12.9,,,,,,,,,,,,,,,,,,,
February,2020,Canberra,27.7,15.1,,,,,,,,,,,,,,,,,,,
February,2021,Canberra,26.1,12.8,,,,,,,,,,,,,,,,,,,
February,2022,Canberra,26.2,12.4,,,,,,,,,,,,,,,,,,,
March,2014,Canberra,24.2,12.2,,,,,,,,,,,,,,,,,,,
March,2015,Canberra,26.3,9.1,,,,,,,,,,,,,,,,,,,
March,2016,Canberra,27.7,12.6,,,,,,,,,,,,,,,,,,,
March,2017,Canberra,25.9,12.8,,,,,,,,,,,,,,,,,,,
March,2018,Canberra,26.3,10.4,,,,,,,,,,,,,,,,,,,
March,2019,Canberra,26,12,,,,,,,,,,,,,,,,,,,
March,2020,Canberra,23.4,10.8,,,,,,,,,,,,,,,,,,,
March,2021,Canberra,23,9.9,,,,,,,,,,,,,,,,,,,
March,2022,Canberra,24,12.6,,,,,,,,,,,,,,,,,,,
April,2014,Canberra,19.7,7.4,,,,,,,,,,,,,,,,,,,
April,2015,Canberra,19.4,7.2,,,,,,,,,,,,,,,,,,,
April,2016,Canberra,23.9,8.3,,,,,,,,,,,,,,,,,,,
April,2017,Canberra,19.9,5.5,,,,,,,,,,,,,,,,,,,
April,2018,Canberra,25,8.7,,,,,,,,,,,,,,,,,,,
April,2019,Canberra,22.6,7.5,,,,,,,,,,,,,,,,,,,
April,2020,Canberra,18.9,7.9,,,,,,,,,,,,,,,,,,,
April,2021,Canberra,20.8,3.7,,,,,,,,,,,,,,,,,,,
April,2022,Canberra,20,8.5,,,,,,,,,,,,,,,,,,,
May,2014,Canberra,17.6,2.7,,,,,,,,,,,,,,,,,,,
May,2015,Canberra,16.3,2.7,,,,,,,,,,,,,,,,,,,
May,2016,Canberra,17.4,4.8,,,,,,,,,,,,,,,,,,,
May,2017,Canberra,16.4,1.6,,,,,,,,,,,,,,,,,,,
May,2018,Canberra,17.5,2.2,,,,,,,,,,,,,,,,,,,
May,2019,Canberra,16.6,3.3,,,,,,,,,,,,,,,,,,,
May,2020,Canberra,15,2.8,,,,,,,,,,,,,,,,,,,
May,2021,Canberra,16.4,2.6,,,,,,,,,,,,,,,,,,,
May,2022,Canberra,16.1,4.4,,,,,,,,,,,,,,,,,,,
June,2014,Canberra,13.2,2.8,,,,,,,,,,,,,,,,,,,
June,2015,Canberra,13.8,-0.8,,,,,,,,,,,,,,,,,,,
June,2016,Canberra,13,3,,,,,,,,,,,,,,,,,,,
June,2017,Canberra,13.6,-1.4,,,,,,,,,,,,,,,,,,,
June,2018,Canberra,13.2,1.8,,,,,,,,,,,,,,,,,,,
June,2019,Canberra,14.1,-0.1,,,,,,,,,,,,,,,,,,,
June,2020,Canberra,13.5,1.3,,,,,,,,,,,,,,,,,,,
June,2021,Canberra,12.9,2,,,,,,,,,,,,,,,,,,,
June,2022,Canberra,12,0.4,,,,,,,,,,,,,,,,,,,
July,2014,Canberra,12.2,0,,,,,,,,,,,,,,,,,,,
July,2015,Canberra,11.5,-0.7,,,,,,,,,,,,,,,,,,,
July,2016,Canberra,12.7,2.2,,,,,,,,,,,,,,,,,,,
July,2017,Canberra,12.9,-2.3,,,,,,,,,,,,,,,,,,,
July,2018,Canberra,13.3,-1.7,,,,,,,,,,,,,,,,,,,
July,2019,Canberra,13.7,0.7,,,,,,,,,,,,,,,,,,,
July,2020,Canberra,13.2,1.2,,,,,,,,,,,,,,,,,,,
July,2021,Canberra,11.9,1,,,,,,,,,,,,,,,,,,,
July,2022,Canberra,12.7,0.1,,,,,,,,,,,,,,,,,,,
August,2014,Canberra,14.3,-0.8,,,,,,,,,,,,,,,,,,,
August,2015,Canberra,13.7,1,,,,,,,,,,,,,,,,,,,
August,2016,Canberra,14.3,1.1,,,,,,,,,,,,,,,,,,,
August,2017,Canberra,13.9,0.5,,,,,,,,,,,,,,,,,,,
August,2018,Canberra,13.9,0.8,,,,,,,,,,,,,,,,,,,
August,2019,Canberra,14.2,0.1,,,,,,,,,,,,,,,,,,,
August,2020,Canberra,12.8,1.7,,,,,,,,,,,,,,,,,,,
August,2021,Canberra,14.7,0.8,,,,,,,,,,,,,,,,,,,
August,2022,Canberra,14.1,2.6,,,,,,,,,,,,,,,,,,,
September,2014,Canberra,17.9,2.7,,,,,,,,,,,,,,,,,,,
September,2015,Canberra,17.4,1.5,,,,,,,,,,,,,,,,,,,
September,2016,Canberra,15.8,4.8,,,,,,,,,,,,,,,,,,,
September,2017,Canberra,18.1,2.7,,,,,,,,,,,,,,,,,,,
September,2018,Canberra,18,1.8,,,,,,,,,,,,,,,,,,,
September,2019,Canberra,18.8,2.1,,,,,,,,,,,,,,,,,,,
September,2020,Canberra,17.6,4.7,,,,,,,,,,,,,,,,,,,
September,2021,Canberra,17.3,3.6,,,,,,,,,,,,,,,,,,,
September,2022,Canberra,16.2,4.4,,,,,,,,,,,,,,,,,,,
October,2014,Canberra,22.5,5.4,,,,,,,,,,,,,,,,,,,
October,2015,Canberra,24.8,8.3,,,,,,,,,,,,,,,,,,,
October,2016,Canberra,18.5,5.2,,,,,,,,,,,,,,,,,,,
October,2017,Canberra,23.2,7.1,,,,,,,,,,,,,,,,,,,
October,2018,Canberra,22.8,7.3,,,,,,,,,,,,,,,,,,,
October,2019,Canberra,23.6,6.2,,,,,,,,,,,,,,,,,,,
October,2020,Canberra,20.3,8.8,,,,,,,,,,,,,,,,,,,
October,2021,Canberra,19.2,5.5,,,,,,,,,,,,,,,,,,,
October,2022,Canberra,18.3,8.4,,,,,,,,,,,,,,,,,,,
November,2014,Canberra,27.9,10.2,,,,,,,,,,,,,,,,,,,
November,2015,Canberra,25.3,10.9,,,,,,,,,,,,,,,,,,,
November,2016,Canberra,24.8,8.6,,,,,,,,,,,,,,,,,,,
November,2017,Canberra,24.3,9.6,,,,,,,,,,,,,,,,,,,
November,2018,Canberra,24.5,10.5,,,,,,,,,,,,,,,,,,,
November,2019,Canberra,26.8,9.5,,,,,,,,,,,,,,,,,,,
November,2020,Canberra,25.1,10.4,,,,,,,,,,,,,,,,,,,
November,2021,Canberra,20.2,9.4,,,,,,,,,,,,,,,,,,,
November,2022,Canberra,20.7,7.7,,,,,,,,,,,,,,,,,,,
December,2014,Canberra,27.7,12.7,,,,,,,,,,,,,,,,,,,
December,2015,Canberra,29.3,11.4,,,,,,,,,,,,,,,,,,,
December,2016,Canberra,28.7,13.5,,,,,,,,,,,,,,,,,,,
December,2017,Canberra,27.8,13.9,,,,,,,,,,,,,,,,,,,
December,2018,Canberra,29.3,13.7,,,,,,,,,,,,,,,,,,,
December,2019,Canberra,31.7,13.1,,,,,,,,,,,,,,,,,,,
December,2020,Canberra,25.4,11.5,,,,,,,,,,,,,,,,,,,
December,2021,Canberra,25.2,11.3,,,,,,,,,,,,,,,,,,,
December,2022,Canberra,23.9,8.6,,,,,,,,,,,,,,,,,,,
